trial,testing,parameters,initial_deadline,final_deadline,net_reward,actions,success
1,False,"{'a': 0.999, 'e': 1.0}",25,0,-159.4875587637121,"{0: 14, 1: 2, 2: 5, 3: 2, 4: 2}",0
2,False,"{'a': 0.998001, 'e': 0.9048374180359595}",25,13,-17.063025024810685,"{0: 8, 1: 2, 2: 2, 3: 0, 4: 0}",1
3,False,"{'a': 0.997002999, 'e': 0.8187307530779818}",25,0,-50.09875725622361,"{0: 20, 1: 1, 2: 3, 3: 0, 4: 1}",0
4,False,"{'a': 0.996005996001, 'e': 0.7408182206817179}",20,0,-153.72207140394684,"{0: 12, 1: 2, 2: 3, 3: 0, 4: 3}",0
5,False,"{'a': 0.995009990004999, 'e': 0.6703200460356393}",25,0,-97.67665127829451,"{0: 17, 1: 2, 2: 3, 3: 2, 4: 1}",0
6,False,"{'a': 0.994014980014994, 'e': 0.6065306597126334}",25,13,1.4777188425069498,"{0: 10, 1: 1, 2: 1, 3: 0, 4: 0}",1
7,False,"{'a': 0.993020965034979, 'e': 0.5488116360940264}",20,10,4.264109922257019,"{0: 9, 1: 0, 2: 1, 3: 0, 4: 0}",1
8,False,"{'a': 0.9920279440699441, 'e': 0.49658530379140947}",20,0,-36.14596857088274,"{0: 16, 1: 0, 2: 2, 3: 2, 4: 0}",0
9,False,"{'a': 0.9910359161258742, 'e': 0.44932896411722156}",35,0,-70.41741664445647,"{0: 27, 1: 2, 2: 4, 3: 1, 4: 1}",0
10,False,"{'a': 0.9900448802097482, 'e': 0.4065696597405991}",25,0,-105.59342398942763,"{0: 18, 1: 0, 2: 5, 3: 0, 4: 2}",0
11,False,"{'a': 0.9890548353295385, 'e': 0.36787944117144233}",20,6,-44.72284422763434,"{0: 10, 1: 1, 2: 2, 3: 0, 4: 1}",1
12,False,"{'a': 0.988065780494209, 'e': 0.33287108369807955}",30,0,12.736229803199667,"{0: 28, 1: 0, 2: 1, 3: 1, 4: 0}",0
13,False,"{'a': 0.9870777147137147, 'e': 0.301194211912202}",20,0,-8.368400561571224,"{0: 18, 1: 0, 2: 1, 3: 1, 4: 0}",0
14,False,"{'a': 0.986090636999001, 'e': 0.2725317930340126}",25,0,-95.63176043427735,"{0: 19, 1: 0, 2: 4, 3: 0, 4: 2}",0
15,False,"{'a': 0.9851045463620021, 'e': 0.24659696394160643}",30,17,17.217136978726824,"{0: 13, 1: 0, 2: 0, 3: 0, 4: 0}",1
16,False,"{'a': 0.98411944181564, 'e': 0.22313016014842982}",30,0,10.466182736602377,"{0: 28, 1: 0, 2: 1, 3: 1, 4: 0}",0
17,False,"{'a': 0.9831353223738244, 'e': 0.20189651799465538}",20,11,7.491560021992812,"{0: 8, 1: 1, 2: 0, 3: 0, 4: 0}",1
18,False,"{'a': 0.9821521870514506, 'e': 0.1826835240527346}",25,0,34.851562332943814,"{0: 25, 1: 0, 2: 0, 3: 0, 4: 0}",0
19,False,"{'a': 0.9811700348643991, 'e': 0.16529888822158653}",30,6,-1.1605780270923471,"{0: 22, 1: 0, 2: 1, 3: 1, 4: 0}",1
20,False,"{'a': 0.9801888648295347, 'e': 0.14956861922263504}",25,3,13.883665659699346,"{0: 21, 1: 0, 2: 0, 3: 1, 4: 0}",1
21,False,"{'a': 0.9792086759647052, 'e': 0.1353352832366127}",30,13,29.322782156125534,"{0: 17, 1: 0, 2: 0, 3: 0, 4: 0}",1
22,False,"{'a': 0.9782294672887405, 'e': 0.1224564282529819}",25,10,9.764034990343323,"{0: 14, 1: 0, 2: 1, 3: 0, 4: 0}",1
23,False,"{'a': 0.9772512378214517, 'e': 0.11080315836233387}",20,6,14.200082789367373,"{0: 13, 1: 0, 2: 1, 3: 0, 4: 0}",1
24,False,"{'a': 0.9762739865836303, 'e': 0.1002588437228037}",35,0,57.37621312324506,"{0: 35, 1: 0, 2: 0, 3: 0, 4: 0}",0
25,False,"{'a': 0.9752977125970467, 'e': 0.09071795328941247}",25,16,20.509883025597606,"{0: 9, 1: 0, 2: 0, 3: 0, 4: 0}",1
26,False,"{'a': 0.9743224148844496, 'e': 0.0820849986238988}",25,0,22.178497299947665,"{0: 24, 1: 0, 2: 1, 3: 0, 4: 0}",0
27,False,"{'a': 0.9733480924695651, 'e': 0.07427357821433388}",20,0,9.774310194688756,"{0: 19, 1: 0, 2: 0, 3: 1, 4: 0}",1
28,False,"{'a': 0.9723747443770956, 'e': 0.06720551273974976}",25,15,-23.5831143407732,"{0: 9, 1: 0, 2: 0, 3: 0, 4: 1}",1
29,False,"{'a': 0.9714023696327185, 'e': 0.06081006262521795}",20,0,7.847172842417092,"{0: 18, 1: 0, 2: 2, 3: 0, 4: 0}",0
30,False,"{'a': 0.9704309672630859, 'e': 0.05502322005640721}",20,16,8.064233691108335,"{0: 4, 1: 0, 2: 0, 3: 0, 4: 0}",1
31,False,"{'a': 0.9694605362958227, 'e': 0.049787068367863944}",25,14,23.193806540780827,"{0: 11, 1: 0, 2: 0, 3: 0, 4: 0}",1
32,False,"{'a': 0.9684910757595269, 'e': 0.0450492023935578}",20,11,-9.050861972523904,"{0: 8, 1: 0, 2: 0, 3: 1, 4: 0}",1
33,False,"{'a': 0.9675225846837673, 'e': 0.04076220397836621}",20,11,20.228002037011386,"{0: 9, 1: 0, 2: 0, 3: 0, 4: 0}",1
34,False,"{'a': 0.9665550620990835, 'e': 0.036883167401239994}",25,14,19.651501373705514,"{0: 11, 1: 0, 2: 0, 3: 0, 4: 0}",1
35,False,"{'a': 0.9655885070369844, 'e': 0.033373269960326066}",20,0,31.366851521056205,"{0: 20, 1: 0, 2: 0, 3: 0, 4: 0}",0
36,False,"{'a': 0.9646229185299474, 'e': 0.0301973834223185}",30,11,9.10394707289175,"{0: 18, 1: 0, 2: 0, 3: 1, 4: 0}",1
37,False,"{'a': 0.9636582956114175, 'e': 0.02732372244729256}",25,0,6.62911735940189,"{0: 24, 1: 0, 2: 0, 3: 1, 4: 0}",0
38,False,"{'a': 0.9626946373158061, 'e': 0.024723526470339388}",20,0,-12.403730422279711,"{0: 19, 1: 0, 2: 0, 3: 0, 4: 1}",0
39,False,"{'a': 0.9617319426784903, 'e': 0.02237077185616559}",25,3,41.03379608801209,"{0: 22, 1: 0, 2: 0, 3: 0, 4: 0}",1
40,False,"{'a': 0.9607702107358118, 'e': 0.02024191144580438}",20,0,30.212381257057643,"{0: 20, 1: 0, 2: 0, 3: 0, 4: 0}",0
41,False,"{'a': 0.959809440525076, 'e': 0.01831563888873418}",25,13,18.531140622540537,"{0: 12, 1: 0, 2: 0, 3: 0, 4: 0}",1
42,False,"{'a': 0.9588496310845509, 'e': 0.016572675401761237}",20,12,11.808480085138115,"{0: 8, 1: 0, 2: 0, 3: 0, 4: 0}",1
43,False,"{'a': 0.9578907814534664, 'e': 0.014995576820477703}",25,15,12.848504433484477,"{0: 9, 1: 1, 2: 0, 3: 0, 4: 0}",1
44,False,"{'a': 0.9569328906720129, 'e': 0.013568559012200934}",20,14,11.934651346643676,"{0: 6, 1: 0, 2: 0, 3: 0, 4: 0}",1
45,False,"{'a': 0.9559759577813409, 'e': 0.012277339903068436}",20,0,29.18961933624451,"{0: 20, 1: 0, 2: 0, 3: 0, 4: 0}",0
46,False,"{'a': 0.9550199818235596, 'e': 0.011108996538242306}",20,8,21.33148790552521,"{0: 12, 1: 0, 2: 0, 3: 0, 4: 0}",1
47,False,"{'a': 0.9540649618417361, 'e': 0.010051835744633576}",20,14,10.785893237798222,"{0: 6, 1: 0, 2: 0, 3: 0, 4: 0}",1
48,False,"{'a': 0.9531108968798944, 'e': 0.009095277101695816}",20,11,18.069008225237102,"{0: 9, 1: 0, 2: 0, 3: 0, 4: 0}",1
49,False,"{'a': 0.9521577859830145, 'e': 0.008229747049020023}",25,10,28.013057524277027,"{0: 15, 1: 0, 2: 0, 3: 0, 4: 0}",1
50,False,"{'a': 0.9512056281970315, 'e': 0.007446583070924338}",30,5,16.81456377028927,"{0: 24, 1: 0, 2: 0, 3: 1, 4: 0}",1
51,False,"{'a': 0.9502544225688344, 'e': 0.006737946999085467}",25,14,19.922595334912586,"{0: 11, 1: 0, 2: 0, 3: 0, 4: 0}",1
52,False,"{'a': 0.9493041681462656, 'e': 0.006096746565515633}",20,9,-2.014145070961988,"{0: 10, 1: 0, 2: 0, 3: 1, 4: 0}",1
53,False,"{'a': 0.9483548639781193, 'e': 0.0055165644207607716}",20,7,17.64570820474004,"{0: 12, 1: 1, 2: 0, 3: 0, 4: 0}",1
54,False,"{'a': 0.9474065091141411, 'e': 0.004991593906910213}",25,10,22.59715901663966,"{0: 15, 1: 0, 2: 0, 3: 0, 4: 0}",1
55,False,"{'a': 0.946459102605027, 'e': 0.004516580942612666}",30,3,40.62904662206487,"{0: 27, 1: 0, 2: 0, 3: 0, 4: 0}",1
56,False,"{'a': 0.9455126435024219, 'e': 0.004086771438464067}",25,8,30.789619141389828,"{0: 17, 1: 0, 2: 0, 3: 0, 4: 0}",1
57,False,"{'a': 0.9445671308589195, 'e': 0.003697863716482929}",30,14,27.682895877874024,"{0: 16, 1: 0, 2: 0, 3: 0, 4: 0}",1
58,False,"{'a': 0.9436225637280606, 'e': 0.003345965457471272}",20,15,9.00037613130148,"{0: 5, 1: 0, 2: 0, 3: 0, 4: 0}",1
59,False,"{'a': 0.9426789411643326, 'e': 0.0030275547453758127}",35,16,38.86611763426046,"{0: 19, 1: 0, 2: 0, 3: 0, 4: 0}",1
60,False,"{'a': 0.9417362622231683, 'e': 0.0027394448187683684}",25,20,10.17205829789886,"{0: 5, 1: 0, 2: 0, 3: 0, 4: 0}",1
61,False,"{'a': 0.9407945259609451, 'e': 0.0024787521766663585}",25,17,16.15331822634728,"{0: 8, 1: 0, 2: 0, 3: 0, 4: 0}",1
62,False,"{'a': 0.9398537314349842, 'e': 0.002242867719485801}",35,21,27.390274294963373,"{0: 14, 1: 0, 2: 0, 3: 0, 4: 0}",1
63,False,"{'a': 0.9389138777035492, 'e': 0.002029430636295734}",25,17,19.316375445635625,"{0: 8, 1: 0, 2: 0, 3: 0, 4: 0}",1
64,False,"{'a': 0.9379749638258457, 'e': 0.0018363047770289056}",20,6,26.657344254108523,"{0: 14, 1: 0, 2: 0, 3: 0, 4: 0}",1
65,False,"{'a': 0.9370369888620198, 'e': 0.001661557273173934}",30,21,14.461528025797808,"{0: 9, 1: 0, 2: 0, 3: 0, 4: 0}",1
66,False,"{'a': 0.9360999518731578, 'e': 0.0015034391929775724}",25,19,10.905775482195242,"{0: 6, 1: 0, 2: 0, 3: 0, 4: 0}",1
67,False,"{'a': 0.9351638519212846, 'e': 0.0013603680375478928}",25,9,29.423454389971113,"{0: 16, 1: 0, 2: 0, 3: 0, 4: 0}",1
68,False,"{'a': 0.9342286880693633, 'e': 0.001230911902673481}",25,15,18.45676083985305,"{0: 10, 1: 0, 2: 0, 3: 0, 4: 0}",1
69,False,"{'a': 0.933294459381294, 'e': 0.0011137751478448024}",30,4,45.79422794338907,"{0: 26, 1: 0, 2: 0, 3: 0, 4: 0}",1
70,False,"{'a': 0.9323611649219127, 'e': 0.0010077854290485105}",25,7,31.908327046036458,"{0: 18, 1: 0, 2: 0, 3: 0, 4: 0}",1
71,False,"{'a': 0.9314288037569908, 'e': 0.0009118819655545162}",20,7,19.534612620004097,"{0: 13, 1: 0, 2: 0, 3: 0, 4: 0}",1
72,False,"{'a': 0.9304973749532338, 'e': 0.0008251049232659038}",25,17,13.993278561147786,"{0: 8, 1: 0, 2: 0, 3: 0, 4: 0}",1
73,False,"{'a': 0.9295668775782806, 'e': 0.0007465858083766792}",25,10,26.266638258502212,"{0: 15, 1: 0, 2: 0, 3: 0, 4: 0}",1
74,False,"{'a': 0.9286373107007023, 'e': 0.0006755387751938437}",25,15,-22.053282548922652,"{0: 9, 1: 0, 2: 0, 3: 0, 4: 1}",1
75,False,"{'a': 0.9277086733900016, 'e': 0.0006112527611295723}",30,21,19.059394386330126,"{0: 9, 1: 0, 2: 0, 3: 0, 4: 0}",1
76,False,"{'a': 0.9267809647166116, 'e': 0.0005530843701478336}",25,15,18.981720815085225,"{0: 10, 1: 0, 2: 0, 3: 0, 4: 0}",1
77,False,"{'a': 0.925854183751895, 'e': 0.0005004514334406104}",20,9,20.41842152856393,"{0: 11, 1: 0, 2: 0, 3: 0, 4: 0}",1
78,False,"{'a': 0.9249283295681431, 'e': 0.00045282718288679695}",25,7,32.633967055711125,"{0: 18, 1: 0, 2: 0, 3: 0, 4: 0}",1
79,False,"{'a': 0.9240034012385749, 'e': 0.00040973497897978643}",25,1,-4.446598647246565,"{0: 23, 1: 0, 2: 0, 3: 0, 4: 1}",1
80,False,"{'a': 0.9230793978373364, 'e': 0.0003707435404590882}",20,9,20.962707541073808,"{0: 11, 1: 0, 2: 0, 3: 0, 4: 0}",1
81,False,"{'a': 0.9221563184394991, 'e': 0.00033546262790251185}",30,9,-4.98830717531548,"{0: 20, 1: 0, 2: 0, 3: 0, 4: 1}",1
82,False,"{'a': 0.9212341621210596, 'e': 0.0003035391380788668}",20,6,26.99036615898015,"{0: 14, 1: 0, 2: 0, 3: 0, 4: 0}",1
83,False,"{'a': 0.9203129279589385, 'e': 0.00027465356997214205}",20,15,11.47362271435494,"{0: 5, 1: 0, 2: 0, 3: 0, 4: 0}",1
84,False,"{'a': 0.9193926150309796, 'e': 0.00024851682710795185}",20,6,21.344780178819466,"{0: 14, 1: 0, 2: 0, 3: 0, 4: 0}",1
85,False,"{'a': 0.9184732224159486, 'e': 0.0002248673241788482}",25,5,38.93068901958971,"{0: 20, 1: 0, 2: 0, 3: 0, 4: 0}",1
86,False,"{'a': 0.9175547491935327, 'e': 0.00020346836901064417}",25,4,35.437332156988596,"{0: 21, 1: 0, 2: 0, 3: 0, 4: 0}",1
87,False,"{'a': 0.9166371944443392, 'e': 0.0001841057936675792}",20,12,-6.756364527132732,"{0: 7, 1: 0, 2: 0, 3: 1, 4: 0}",1
88,False,"{'a': 0.9157205572498949, 'e': 0.00016658581098763324}",25,11,-13.99808883206601,"{0: 13, 1: 0, 2: 0, 3: 0, 4: 1}",1
89,False,"{'a': 0.914804836692645, 'e': 0.0001507330750954765}",25,19,10.936662095642324,"{0: 6, 1: 0, 2: 0, 3: 0, 4: 0}",1
90,False,"{'a': 0.9138900318559524, 'e': 0.0001363889264820114}",20,16,7.361403500528953,"{0: 4, 1: 0, 2: 0, 3: 0, 4: 0}",1
91,False,"{'a': 0.9129761418240965, 'e': 0.00012340980408667956}",25,14,18.98239491145025,"{0: 11, 1: 0, 2: 0, 3: 0, 4: 0}",1
92,False,"{'a': 0.9120631656822724, 'e': 0.00011166580849011478}",20,16,8.806626305706034,"{0: 4, 1: 0, 2: 0, 3: 0, 4: 0}",1
93,False,"{'a': 0.9111511025165902, 'e': 0.00010103940183709324}",25,13,23.94014281700838,"{0: 12, 1: 0, 2: 0, 3: 0, 4: 0}",1
94,False,"{'a': 0.9102399514140735, 'e': 9.142423147817327e-05}",20,16,9.014691029372791,"{0: 4, 1: 0, 2: 0, 3: 0, 4: 0}",1
95,False,"{'a': 0.9093297114626595, 'e': 8.272406555663223e-05}",20,15,9.407995543276655,"{0: 5, 1: 0, 2: 0, 3: 0, 4: 0}",1
96,False,"{'a': 0.9084203817511969, 'e': 7.48518298877006e-05}",20,14,10.347069656067166,"{0: 6, 1: 0, 2: 0, 3: 0, 4: 0}",1
97,False,"{'a': 0.9075119613694457, 'e': 6.772873649085378e-05}",20,3,28.78201134345202,"{0: 17, 1: 0, 2: 0, 3: 0, 4: 0}",1
98,False,"{'a': 0.9066044494080763, 'e': 6.128349505322202e-05}",20,9,21.092941145486066,"{0: 11, 1: 0, 2: 0, 3: 0, 4: 0}",1
99,False,"{'a': 0.9056978449586682, 'e': 5.5451599432176945e-05}",20,8,18.04636618969873,"{0: 12, 1: 0, 2: 0, 3: 0, 4: 0}",1
100,False,"{'a': 0.9047921471137096, 'e': 5.017468205617528e-05}",30,17,25.303274088475654,"{0: 13, 1: 0, 2: 0, 3: 0, 4: 0}",1
101,False,"{'a': 0.9038873549665959, 'e': 4.5399929762484854e-05}",20,10,-6.706503300194514,"{0: 9, 1: 0, 2: 0, 3: 1, 4: 0}",1
102,False,"{'a': 0.9029834676116293, 'e': 4.107955522530065e-05}",25,19,12.258422625433223,"{0: 6, 1: 0, 2: 0, 3: 0, 4: 0}",1
103,False,"{'a': 0.9020804841440176, 'e': 3.7170318684126666e-05}",25,7,31.672662335765313,"{0: 18, 1: 0, 2: 0, 3: 0, 4: 0}",1
104,False,"{'a': 0.9011784036598737, 'e': 3.363309518571897e-05}",30,19,20.213703341890955,"{0: 11, 1: 0, 2: 0, 3: 0, 4: 0}",1
105,False,"{'a': 0.9002772252562138, 'e': 3.0432483008403625e-05}",25,13,-21.439359165742356,"{0: 11, 1: 0, 2: 0, 3: 0, 4: 1}",1
106,False,"{'a': 0.8993769480309576, 'e': 2.7536449349747158e-05}",25,9,27.94595008731083,"{0: 16, 1: 0, 2: 0, 3: 0, 4: 0}",1
107,False,"{'a': 0.8984775710829266, 'e': 2.491600973150316e-05}",20,6,20.500210978667532,"{0: 14, 1: 0, 2: 0, 3: 0, 4: 0}",1
108,False,"{'a': 0.8975790935118436, 'e': 2.254493791321217e-05}",35,26,14.688842501179927,"{0: 9, 1: 0, 2: 0, 3: 0, 4: 0}",1
109,False,"{'a': 0.8966815144183318, 'e': 2.0399503411171922e-05}",20,0,30.62374806820912,"{0: 20, 1: 0, 2: 0, 3: 0, 4: 0}",0
110,False,"{'a': 0.8957848329039134, 'e': 1.8458233995780558e-05}",20,7,24.64043293144198,"{0: 13, 1: 0, 2: 0, 3: 0, 4: 0}",1
111,False,"{'a': 0.8948890480710096, 'e': 1.670170079024566e-05}",25,13,21.034304881538024,"{0: 12, 1: 0, 2: 0, 3: 0, 4: 0}",1
112,False,"{'a': 0.8939941590229386, 'e': 1.5112323819855006e-05}",25,16,15.65435503805979,"{0: 9, 1: 0, 2: 0, 3: 0, 4: 0}",1
113,False,"{'a': 0.8931001648639156, 'e': 1.3674196065680938e-05}",25,7,33.97280281307517,"{0: 18, 1: 0, 2: 0, 3: 0, 4: 0}",1
114,False,"{'a': 0.8922070646990518, 'e': 1.2372924261788221e-05}",20,13,13.951779493327184,"{0: 7, 1: 0, 2: 0, 3: 0, 4: 0}",1
115,False,"{'a': 0.8913148576343527, 'e': 1.119548484259094e-05}",20,14,10.341157271631946,"{0: 6, 1: 0, 2: 0, 3: 0, 4: 0}",1
116,False,"{'a': 0.8904235427767183, 'e': 1.013009359863071e-05}",25,19,11.458938324781018,"{0: 6, 1: 0, 2: 0, 3: 0, 4: 0}",1
117,False,"{'a': 0.8895331192339416, 'e': 9.166087736247602e-06}",30,13,32.68883108180552,"{0: 17, 1: 0, 2: 0, 3: 0, 4: 0}",1
118,False,"{'a': 0.8886435861147077, 'e': 8.293819160757357e-06}",20,10,18.023377287484195,"{0: 10, 1: 0, 2: 0, 3: 0, 4: 0}",1
119,False,"{'a': 0.887754942528593, 'e': 7.504557915076858e-06}",20,9,19.321695643421283,"{0: 11, 1: 0, 2: 0, 3: 0, 4: 0}",1
120,False,"{'a': 0.8868671875860644, 'e': 6.79040480737947e-06}",35,15,37.54031417654903,"{0: 20, 1: 0, 2: 0, 3: 0, 4: 0}",1
121,False,"{'a': 0.8859803203984784, 'e': 6.14421235332821e-06}",20,14,10.901538816661446,"{0: 6, 1: 0, 2: 0, 3: 0, 4: 0}",1
122,False,"{'a': 0.88509434007808, 'e': 5.559513241650137e-06}",20,10,20.629938241399365,"{0: 10, 1: 0, 2: 0, 3: 0, 4: 0}",1
123,False,"{'a': 0.8842092457380019, 'e': 5.030455607111439e-06}",20,10,15.171371039223219,"{0: 10, 1: 0, 2: 0, 3: 0, 4: 0}",1
124,False,"{'a': 0.8833250364922639, 'e': 4.551744463083231e-06}",25,8,26.815351158712808,"{0: 17, 1: 0, 2: 0, 3: 0, 4: 0}",1
125,False,"{'a': 0.8824417114557717, 'e': 4.118588707535708e-06}",35,13,40.18405494681046,"{0: 22, 1: 0, 2: 0, 3: 0, 4: 0}",1
126,False,"{'a': 0.8815592697443159, 'e': 3.726653172078671e-06}",30,16,26.861049626802952,"{0: 14, 1: 0, 2: 0, 3: 0, 4: 0}",1
127,False,"{'a': 0.8806777104745716, 'e': 3.3720152341391786e-06}",30,20,20.44126144439409,"{0: 10, 1: 0, 2: 0, 3: 0, 4: 0}",1
128,False,"{'a': 0.8797970327640969, 'e': 3.051125558036417e-06}",25,8,29.281968896591895,"{0: 17, 1: 0, 2: 0, 3: 0, 4: 0}",1
129,False,"{'a': 0.8789172357313328, 'e': 2.7607725720371986e-06}",25,7,32.585329676093934,"{0: 18, 1: 0, 2: 0, 3: 0, 4: 0}",1
130,False,"{'a': 0.8780383184956015, 'e': 2.498050325866635e-06}",30,18,22.6270273478748,"{0: 12, 1: 0, 2: 0, 3: 0, 4: 0}",1
131,False,"{'a': 0.8771602801771059, 'e': 2.2603294069810542e-06}",25,15,19.245950212278572,"{0: 10, 1: 0, 2: 0, 3: 0, 4: 0}",1
132,False,"{'a': 0.8762831198969288, 'e': 2.045230624523486e-06}",20,0,34.71969340265912,"{0: 20, 1: 0, 2: 0, 3: 0, 4: 0}",0
133,False,"{'a': 0.8754068367770318, 'e': 1.8506011975819048e-06}",20,0,31.06705197783504,"{0: 20, 1: 0, 2: 0, 3: 0, 4: 0}",0
134,False,"{'a': 0.8745314299402548, 'e': 1.674493209434266e-06}",35,21,26.207855542043877,"{0: 14, 1: 0, 2: 0, 3: 0, 4: 0}",1
135,False,"{'a': 0.8736568985103146, 'e': 1.515144112143249e-06}",30,18,26.399899583619,"{0: 12, 1: 0, 2: 0, 3: 0, 4: 0}",1
136,False,"{'a': 0.8727832416118043, 'e': 1.3709590863840845e-06}",20,12,15.722276650609187,"{0: 8, 1: 0, 2: 0, 3: 0, 4: 0}",1
137,False,"{'a': 0.8719104583701925, 'e': 1.2404950799567113e-06}",35,22,28.264635697570615,"{0: 13, 1: 0, 2: 0, 3: 0, 4: 0}",1
138,False,"{'a': 0.8710385479118223, 'e': 1.1224463652343422e-06}",20,6,29.60619466103008,"{0: 14, 1: 0, 2: 0, 3: 0, 4: 0}",1
139,False,"{'a': 0.8701675093639105, 'e': 1.0156314710024903e-06}",20,13,11.446651229497359,"{0: 7, 1: 0, 2: 0, 3: 0, 4: 0}",1
140,False,"{'a': 0.8692973418545467, 'e': 9.189813578979571e-07}",25,15,17.79676438038064,"{0: 10, 1: 0, 2: 0, 3: 0, 4: 0}",1
141,False,"{'a': 0.8684280445126921, 'e': 8.315287191035679e-07}",25,4,33.478375362900984,"{0: 21, 1: 0, 2: 0, 3: 0, 4: 0}",1
142,False,"{'a': 0.8675596164681794, 'e': 7.523982992164199e-07}",20,8,18.767648924264083,"{0: 12, 1: 0, 2: 0, 3: 0, 4: 0}",1
143,False,"{'a': 0.8666920568517111, 'e': 6.807981343976331e-07}",20,0,29.93347773383394,"{0: 20, 1: 0, 2: 0, 3: 0, 4: 0}",0
144,False,"{'a': 0.8658253647948594, 'e': 6.160116261320527e-07}",30,17,27.34083990846725,"{0: 13, 1: 0, 2: 0, 3: 0, 4: 0}",1
145,False,"{'a': 0.8649595394300645, 'e': 5.573903692694596e-07}",20,10,18.862182808991932,"{0: 10, 1: 0, 2: 0, 3: 0, 4: 0}",1
146,False,"{'a': 0.8640945798906344, 'e': 5.04347662567888e-07}",30,22,14.286491166494754,"{0: 8, 1: 0, 2: 0, 3: 0, 4: 0}",1
147,False,"{'a': 0.8632304853107438, 'e': 4.563526367903986e-07}",25,14,21.872642050242636,"{0: 11, 1: 0, 2: 0, 3: 0, 4: 0}",1
148,False,"{'a': 0.862367254825433, 'e': 4.1292494158732645e-07}",20,8,22.37107725812458,"{0: 12, 1: 0, 2: 0, 3: 0, 4: 0}",1
149,False,"{'a': 0.8615048875706075, 'e': 3.73629937988526e-07}",25,14,17.779531498236434,"{0: 11, 1: 0, 2: 0, 3: 0, 4: 0}",1
150,False,"{'a': 0.8606433826830369, 'e': 3.3807434839047367e-07}",25,11,26.375230368474195,"{0: 14, 1: 0, 2: 0, 3: 0, 4: 0}",1
151,False,"{'a': 0.8597827393003539, 'e': 3.059023205018258e-07}",20,10,20.534418638026345,"{0: 10, 1: 0, 2: 0, 3: 0, 4: 0}",1
152,False,"{'a': 0.8589229565610536, 'e': 2.7679186585408023e-07}",30,20,22.79675773338304,"{0: 10, 1: 0, 2: 0, 3: 0, 4: 0}",1
153,False,"{'a': 0.8580640336044925, 'e': 2.504516372327617e-07}",20,10,18.128827319262204,"{0: 10, 1: 0, 2: 0, 3: 0, 4: 0}",1
154,False,"{'a': 0.857205969570888, 'e': 2.26618012776571e-07}",35,27,14.796328147119779,"{0: 8, 1: 0, 2: 0, 3: 0, 4: 0}",1
155,False,"{'a': 0.8563487636013172, 'e': 2.0505245756119267e-07}",25,11,-13.295788283361185,"{0: 13, 1: 0, 2: 0, 3: 0, 4: 1}",1
156,False,"{'a': 0.8554924148377159, 'e': 1.8553913626159784e-07}",20,11,15.909959057925365,"{0: 9, 1: 0, 2: 0, 3: 0, 4: 0}",1
157,False,"{'a': 0.8546369224228781, 'e': 1.6788275299956603e-07}",20,10,18.797974196171893,"{0: 10, 1: 0, 2: 0, 3: 0, 4: 0}",1
158,False,"{'a': 0.8537822855004553, 'e': 1.5190659675689612e-07}",20,11,18.45342545702804,"{0: 9, 1: 0, 2: 0, 3: 0, 4: 0}",1
159,False,"{'a': 0.8529285032149548, 'e': 1.374507727921396e-07}",20,6,24.509814658167915,"{0: 14, 1: 0, 2: 0, 3: 0, 4: 0}",1
160,False,"{'a': 0.8520755747117399, 'e': 1.2437060236028695e-07}",25,9,29.698398460575724,"{0: 16, 1: 0, 2: 0, 3: 0, 4: 0}",1
161,False,"{'a': 0.8512234991370281, 'e': 1.1253517471925912e-07}",25,15,15.91338680570201,"{0: 10, 1: 0, 2: 0, 3: 0, 4: 0}",1
162,False,"{'a': 0.8503722756378911, 'e': 1.0182603693119986e-07}",20,13,12.049943206038124,"{0: 7, 1: 0, 2: 0, 3: 0, 4: 0}",1
163,False,"{'a': 0.8495219033622532, 'e': 9.213600834566135e-08}",20,6,30.241235048887944,"{0: 14, 1: 0, 2: 0, 3: 0, 4: 0}",1
164,False,"{'a': 0.8486723814588909, 'e': 8.336810789962771e-08}",30,18,21.755601483276074,"{0: 12, 1: 0, 2: 0, 3: 0, 4: 0}",1
165,False,"{'a': 0.847823709077432, 'e': 7.543458349844232e-08}",25,16,16.37448648152357,"{0: 9, 1: 0, 2: 0, 3: 0, 4: 0}",1
166,False,"{'a': 0.8469758853683546, 'e': 6.82560337633487e-08}",25,20,10.647410748624809,"{0: 5, 1: 0, 2: 0, 3: 0, 4: 0}",1
167,False,"{'a': 0.8461289094829862, 'e': 6.176061335580363e-08}",25,15,20.582178847081543,"{0: 10, 1: 0, 2: 0, 3: 0, 4: 0}",1
168,False,"{'a': 0.8452827805735033, 'e': 5.588331392518268e-08}",20,14,9.909184939472944,"{0: 6, 1: 0, 2: 0, 3: 0, 4: 0}",1
169,False,"{'a': 0.8444374977929298, 'e': 5.05653134833552e-08}",20,8,20.166504862804565,"{0: 12, 1: 0, 2: 0, 3: 0, 4: 0}",1
170,False,"{'a': 0.8435930602951368, 'e': 4.5753387694457955e-08}",25,8,31.790359010803943,"{0: 17, 1: 0, 2: 0, 3: 0, 4: 0}",1
171,False,"{'a': 0.8427494672348417, 'e': 4.139937718785167e-08}",20,11,14.394929818256841,"{0: 9, 1: 0, 2: 0, 3: 0, 4: 0}",1
172,False,"{'a': 0.8419067177676068, 'e': 3.745970556295245e-08}",25,13,24.378943380656064,"{0: 12, 1: 0, 2: 0, 3: 0, 4: 0}",1
173,False,"{'a': 0.8410648110498392, 'e': 3.389494326196924e-08}",20,14,11.498058567365389,"{0: 6, 1: 0, 2: 0, 3: 0, 4: 0}",1
174,False,"{'a': 0.8402237462387894, 'e': 3.066941294563555e-08}",30,13,30.97134639377614,"{0: 17, 1: 0, 2: 0, 3: 0, 4: 0}",1
175,False,"{'a': 0.8393835224925505, 'e': 2.7750832422407467e-08}",20,10,16.626419617129745,"{0: 10, 1: 0, 2: 0, 3: 0, 4: 0}",1
176,False,"{'a': 0.838544138970058, 'e': 2.510999155743982e-08}",20,6,26.152933620397217,"{0: 14, 1: 0, 2: 0, 3: 0, 4: 0}",1
177,False,"{'a': 0.8377055948310879, 'e': 2.2720459927738556e-08}",20,13,12.944699823371348,"{0: 7, 1: 0, 2: 0, 3: 0, 4: 0}",1
178,False,"{'a': 0.8368678892362568, 'e': 2.0558322297604485e-08}",30,15,28.484438685034526,"{0: 15, 1: 0, 2: 0, 3: 0, 4: 0}",1
179,False,"{'a': 0.8360310213470206, 'e': 1.860193926691551e-08}",20,13,12.374181041127834,"{0: 7, 1: 0, 2: 0, 3: 0, 4: 0}",1
180,False,"{'a': 0.8351949903256736, 'e': 1.6831730696737537e-08}",30,16,24.62844922429306,"{0: 14, 1: 0, 2: 0, 3: 0, 4: 0}",1
181,False,"{'a': 0.8343597953353479, 'e': 1.522997974471263e-08}",20,16,8.563210680305847,"{0: 4, 1: 0, 2: 0, 3: 0, 4: 0}",1
182,False,"{'a': 0.8335254355400126, 'e': 1.3780655548945718e-08}",20,14,11.456166663572443,"{0: 6, 1: 0, 2: 0, 3: 0, 4: 0}",1
183,False,"{'a': 0.8326919101044725, 'e': 1.2469252785750989e-08}",20,2,31.5385634399913,"{0: 18, 1: 0, 2: 0, 3: 0, 4: 0}",1
184,False,"{'a': 0.831859218194368, 'e': 1.1282646495496604e-08}",20,8,23.313625634984138,"{0: 12, 1: 0, 2: 0, 3: 0, 4: 0}",1
185,False,"{'a': 0.8310273589761736, 'e': 1.0208960723597601e-08}",25,9,30.9327980016484,"{0: 16, 1: 0, 2: 0, 3: 0, 4: 0}",1
186,False,"{'a': 0.8301963316171974, 'e': 9.237449661970594e-09}",25,15,23.02127682970606,"{0: 10, 1: 0, 2: 0, 3: 0, 4: 0}",1
1,True,"{'a': 0.0, 'e': 0.0}",25,7,31.48640730202044,"{0: 18, 1: 0, 2: 0, 3: 0, 4: 0}",1
2,True,"{'a': 0.0, 'e': 0.0}",25,2,34.032680816503984,"{0: 23, 1: 0, 2: 0, 3: 0, 4: 0}",1
3,True,"{'a': 0.0, 'e': 0.0}",20,16,8.325878741209506,"{0: 4, 1: 0, 2: 0, 3: 0, 4: 0}",1
4,True,"{'a': 0.0, 'e': 0.0}",20,5,26.141743134746985,"{0: 15, 1: 0, 2: 0, 3: 0, 4: 0}",1
5,True,"{'a': 0.0, 'e': 0.0}",25,12,20.409778329412227,"{0: 13, 1: 0, 2: 0, 3: 0, 4: 0}",1
6,True,"{'a': 0.0, 'e': 0.0}",25,11,24.12156284907203,"{0: 14, 1: 0, 2: 0, 3: 0, 4: 0}",1
7,True,"{'a': 0.0, 'e': 0.0}",20,14,11.331167917664139,"{0: 6, 1: 0, 2: 0, 3: 0, 4: 0}",1
8,True,"{'a': 0.0, 'e': 0.0}",30,1,45.49891854830675,"{0: 29, 1: 0, 2: 0, 3: 0, 4: 0}",1
9,True,"{'a': 0.0, 'e': 0.0}",20,14,10.920688082857504,"{0: 6, 1: 0, 2: 0, 3: 0, 4: 0}",1
10,True,"{'a': 0.0, 'e': 0.0}",20,12,15.504582682808323,"{0: 8, 1: 0, 2: 0, 3: 0, 4: 0}",1
11,True,"{'a': 0.0, 'e': 0.0}",25,3,39.04060738388806,"{0: 22, 1: 0, 2: 0, 3: 0, 4: 0}",1
12,True,"{'a': 0.0, 'e': 0.0}",30,16,26.39718275634242,"{0: 14, 1: 0, 2: 0, 3: 0, 4: 0}",1
13,True,"{'a': 0.0, 'e': 0.0}",20,14,12.580538004298676,"{0: 6, 1: 0, 2: 0, 3: 0, 4: 0}",1
14,True,"{'a': 0.0, 'e': 0.0}",20,11,16.712356463026087,"{0: 9, 1: 0, 2: 0, 3: 0, 4: 0}",1
15,True,"{'a': 0.0, 'e': 0.0}",30,15,29.411596927491573,"{0: 15, 1: 0, 2: 0, 3: 0, 4: 0}",1
16,True,"{'a': 0.0, 'e': 0.0}",20,14,11.40030764983749,"{0: 6, 1: 0, 2: 0, 3: 0, 4: 0}",1
17,True,"{'a': 0.0, 'e': 0.0}",20,14,10.646708509017655,"{0: 6, 1: 0, 2: 0, 3: 0, 4: 0}",1
18,True,"{'a': 0.0, 'e': 0.0}",20,16,8.741625992569524,"{0: 4, 1: 0, 2: 0, 3: 0, 4: 0}",1
19,True,"{'a': 0.0, 'e': 0.0}",25,16,15.285116715011284,"{0: 9, 1: 0, 2: 0, 3: 0, 4: 0}",1
20,True,"{'a': 0.0, 'e': 0.0}",25,15,17.0804885230748,"{0: 10, 1: 0, 2: 0, 3: 0, 4: 0}",1
